image,label
P00466758.jpg,Clothing
P00384303.jpg,Shoes
P00438213.jpg,Clothing
P00418761.jpg,Accessories
P00416047.jpg,Clothing
P00431509.jpg,Accessories
P00438286.jpg,Clothing
P00423918.jpg,Clothing
P00404765.jpg,Bags
P00475652.jpg,Bags
P00442575.jpg,Clothing
P00266789.jpg,Shoes
P00446722.jpg,Clothing
P00444446.jpg,Clothing
P00334958.jpg,Shoes
P00445671.jpg,Clothing
P00437884.jpg,Bags
P00455355.jpg,Clothing
P00439997.jpg,Clothing
P00435225.jpg,Bags
P00438277.jpg,Bags
P00470570.jpg,Clothing
P00431715.jpg,Bags
P00471988.jpg,Bags
P00278730.jpg,Clothing
P00449426.jpg,Clothing
P00429388.jpg,Shoes
P00453676.jpg,Shoes
P00429955.jpg,Clothing
P00428785.jpg,Bags
P00437574.jpg,Clothing
P00451493.jpg,Shoes
P00420475.jpg,Bags
P00429623.jpg,Shoes
P00413543.jpg,Clothing
P00400426.jpg,Shoes
P00480315.jpg,Clothing
P00426531.jpg,Bags
P00444447.jpg,Clothing
P00466860.jpg,Clothing
P00426360.jpg,Shoes
P00476062.jpg,Clothing
P00422714.jpg,Clothing
P00436159.jpg,Clothing
P00367098.jpg,Shoes
P00437254.jpg,Clothing
P00280690.jpg,Bags
P00406326.jpg,Clothing
P00436161.jpg,Clothing
P00440185.jpg,Clothing
P00407937.jpg,Clothing
P00463625.jpg,Shoes
P00469668.jpg,Clothing
P00368472.jpg,Accessories
P00352275.jpg,Clothing
P00367353.jpg,Clothing
P00294538.jpg,Clothing
P00446995.jpg,Accessories
P00457829.jpg,Shoes
P00427661.jpg,Bags
P00435443.jpg,Clothing
P00399717.jpg,Clothing
P00399792.jpg,Clothing
P00437279.jpg,Clothing
P00416015.jpg,Clothing
P00329402.jpg,Shoes
P00437226.jpg,Clothing
P00428887.jpg,Shoes
P00398894.jpg,Bags
P00442882.jpg,Clothing
P00425925.jpg,Accessories
P00399893.jpg,Clothing
P00463624.jpg,Shoes
P00399711.jpg,Clothing
P00430013.jpg,Clothing
P00446779.jpg,Clothing
P00364559.jpg,Clothing
P00414982.jpg,Shoes
P00458376.jpg,Accessories
P00267847.jpg,Bags
P00433338.jpg,Clothing
P00437682.jpg,Clothing
P00300639.jpg,Bags
P00128275.jpg,Shoes
P00267834.jpg,Bags
P00434101.jpg,Clothing
P00326250.jpg,Clothing
P00474207.jpg,Bags
P00410584.jpg,Clothing
P00458544.jpg,Bags
P00451495.jpg,Shoes
P00447085.jpg,Clothing
P00422914.jpg,Bags
P00416644.jpg,Clothing
P00447524.jpg,Clothing
P00423552.jpg,Clothing
P00398155.jpg,Shoes
P00458483.jpg,Bags
P00430770.jpg,Shoes
P00433408.jpg,Shoes
P00398913.jpg,Bags
P00444547.jpg,Accessories
P00436079.jpg,Clothing
P00365645.jpg,Shoes
P00312577.jpg,Clothing
P00208317.jpg,Clothing
P00409658.jpg,Clothing
P00446441.jpg,Accessories
P00382867.jpg,Shoes
P00365258.jpg,Shoes
P00424615.jpg,Bags
P00185752.jpg,Shoes
P00439711.jpg,Shoes
P00422210.jpg,Bags
P00437947.jpg,Clothing
P00434300.jpg,Shoes
P00397527.jpg,Shoes
P00395168.jpg,Bags
P00433656.jpg,Shoes
P00403655.jpg,Shoes
P00469519.jpg,Clothing
P00447024.jpg,Bags
P00399789.jpg,Clothing
P00400008.jpg,Clothing
P00368404.jpg,Accessories
P00404225.jpg,Shoes
P00447254.jpg,Clothing
P00402446.jpg,Clothing
P00434675.jpg,Shoes
P00425745.jpg,Bags
P00426281.jpg,Clothing
P00394520.jpg,Bags
P00456325.jpg,Clothing
P00428884.jpg,Shoes
P00362106.jpg,Shoes
P00448622.jpg,Clothing
P00451469.jpg,Shoes
P00463628.jpg,Shoes
P00418812.jpg,Accessories
P00445202.jpg,Shoes
P00469378.jpg,Clothing
P00461377.jpg,Shoes
P00433851.jpg,Shoes
P00334966.jpg,Shoes
P00451979.jpg,Bags
P00380318.jpg,Clothing
P00471987.jpg,Bags
P00437644.jpg,Clothing
P00476402.jpg,Shoes
P00414985.jpg,Shoes
P00433406.jpg,Shoes
P00338525.jpg,Bags
P00456418.jpg,Clothing
P00429289.jpg,Shoes
P00436085.jpg,Clothing
P00368164.jpg,Clothing
P00391013.jpg,Accessories
P00428790.jpg,Bags
P00434664.jpg,Bags
P00448658.jpg,Bags
P00437171.jpg,Clothing
P00443229.jpg,Clothing
P00429191.jpg,Shoes
P00437178.jpg,Clothing
P00398916.jpg,Bags
P00469387.jpg,Clothing
P00411367.jpg,Shoes
P00469386.jpg,Clothing
P00435869.jpg,Clothing
P00469878.jpg,Clothing
P00422915.jpg,Bags
P00444930.jpg,Clothing
P00469785.jpg,Clothing
P00464521.jpg,Clothing
P00395124.jpg,Clothing
P00462756.jpg,Clothing
P00440492.jpg,Shoes
P00394619.jpg,Bags
P00436558.jpg,Clothing
P00425384.jpg,Bags
P00447472.jpg,Accessories
P00432138.jpg,Accessories
P00441789.jpg,Bags
P00431629.jpg,Accessories
P00315482.jpg,Shoes
P00422916.jpg,Bags
P00433434.jpg,Clothing
P00371635.jpg,Bags
P00364837.jpg,Bags
P00354722.jpg,Shoes
P00422954.jpg,Clothing
P00470055.jpg,Bags
P00440611.jpg,Shoes
P00476399.jpg,Shoes
P00415870.jpg,Accessories
P00294268.jpg,Shoes
P00384828.jpg,Accessories
P00430647.jpg,Bags
P00433225.jpg,Shoes
P00425383.jpg,Bags
P00440102.jpg,Clothing
P00386452.jpg,Accessories
P00426602.jpg,Bags
P00437554.jpg,Clothing
P00371615.jpg,Clothing
P00435106.jpg,Shoes
P00433213.jpg,Bags
P00435301.jpg,Bags
P00423901.jpg,Clothing
P00336168.jpg,Clothing
P00445561.jpg,Clothing
P00383014.jpg,Accessories
P00430623.jpg,Bags
P00484119.jpg,Bags
P00435264.jpg,Bags
P00446993.jpg,Accessories
P00419136.jpg,Bags
P00405828.jpg,Accessories
P00451529.jpg,Shoes
P00447609.jpg,Shoes
P00451243.jpg,Bags
P00420607.jpg,Bags
P00287639.jpg,Accessories
P00420565.jpg,Bags
P00434086.jpg,Shoes
P00447012.jpg,Shoes
P00330987.jpg,Accessories
P00338087.jpg,Bags
P00343410.jpg,Accessories
P00435036.jpg,Shoes
P00406371.jpg,Clothing
P00429811.jpg,Shoes
P00399677.jpg,Clothing
P00437814.jpg,Bags
P00368621.jpg,Bags
P00346842.jpg,Clothing
P00368405.jpg,Accessories
P00381625.jpg,Bags
P00451532.jpg,Shoes
P00444403.jpg,Clothing
P00447711.jpg,Clothing
P00369209.jpg,Clothing
P00408067.jpg,Clothing
P00439998.jpg,Clothing
P00466748.jpg,Clothing
P00399722.jpg,Clothing
P00426292.jpg,Clothing
P00261494.jpg,Shoes
P00471530.jpg,Clothing
P00432656.jpg,Clothing
P00462138.jpg,Clothing
P00466759.jpg,Clothing
P00434116.jpg,Clothing
P00406025.jpg,Bags
P00364866.jpg,Bags
P00371614.jpg,Clothing
P00334847.jpg,Accessories
P00364626.jpg,Clothing
P00462665.jpg,Shoes
P00296660.jpg,Shoes
P00422919.jpg,Bags
P00329934.jpg,Shoes
P00415078.jpg,Shoes
P00432037.jpg,Accessories
P00435092.jpg,Clothing
P00354947.jpg,Shoes
P00458377.jpg,Accessories
P00479154.jpg,Shoes
P00326666.jpg,Clothing
P00422131.jpg,Bags
P00312882.jpg,Clothing
P00435849.jpg,Clothing
P00431489.jpg,Accessories
P00434347.jpg,Shoes
P00421881.jpg,Bags
P00444392.jpg,Accessories
P00462168.jpg,Clothing
P00464403.jpg,Clothing
P00469097.jpg,Clothing
P00422689.jpg,Clothing
P00429805.jpg,Shoes
P00468672.jpg,Clothing
P00436645.jpg,Clothing
P00441125.jpg,Bags
P00399710.jpg,Clothing
P00469557.jpg,Clothing
P00399936.jpg,Clothing
P00315414.jpg,Shoes
P00449952.jpg,Bags
P00440066.jpg,Clothing
P00341583.jpg,Clothing
P00394424.jpg,Bags
P00426237.jpg,Clothing
P00322805.jpg,Shoes
P00452747.jpg,Accessories
P00437168.jpg,Clothing
P00384715.jpg,Bags
P00425921.jpg,Shoes
P00439368.jpg,Clothing
P00424122.jpg,Clothing
P00451361.jpg,Shoes
P00428986.jpg,Clothing
P00444496.jpg,Clothing
P00433220.jpg,Shoes
P00400823.jpg,Shoes
P00404866.jpg,Clothing
P00452712.jpg,Bags
P00436719.jpg,Clothing
P00390344.jpg,Clothing
P00383882.jpg,Clothing
P00407919.jpg,Clothing
P00321106.jpg,Bags
P00435076.jpg,Clothing
P00449655.jpg,Clothing
P00403532.jpg,Shoes
P00433401.jpg,Shoes
P00371536.jpg,Clothing
P00444297.jpg,Clothing
P00406364.jpg,Clothing
P00447674.jpg,Accessories
P00365694.jpg,Accessories
P00426248.jpg,Clothing
P00364199.jpg,Shoes
P00424124.jpg,Clothing
P00430404.jpg,Clothing
P00423575.jpg,Clothing
P00364633.jpg,Clothing
P00470549.jpg,Clothing
P00458397.jpg,Accessories
P00453787.jpg,Clothing
P00393221.jpg,Clothing
P00441169.jpg,Bags
P00440429.jpg,Accessories
P00329672.jpg,Shoes
P00437236.jpg,Clothing
P00469437.jpg,Clothing
P00433903.jpg,Shoes
P00402454.jpg,Clothing
P00398249.jpg,Clothing
P00404863.jpg,Clothing
P00435621.jpg,Clothing
P00439324.jpg,Clothing
P00403865.jpg,Bags
P00393625.jpg,Shoes
P00406341.jpg,Clothing
P00444785.jpg,Bags
P00469457.jpg,Clothing
P00437324.jpg,Bags
P00423128.jpg,Bags
P00441128.jpg,Bags
P00451494.jpg,Shoes
P00446931.jpg,Shoes
P00440353.jpg,Bags
P00445570.jpg,Accessories
P00441894.jpg,Bags
P00381616.jpg,Bags
P00469699.jpg,Clothing
P00413328.jpg,Shoes
P00435065.jpg,Bags
P00476063.jpg,Clothing
P00440104.jpg,Clothing
P00446646.jpg,Clothing
P00399665.jpg,Clothing
P00436132.jpg,Bags
P00437194.jpg,Clothing
P00273329.jpg,Bags
P00364708.jpg,Clothing
P00287634.jpg,Accessories
P00469879.jpg,Clothing
P00265224.jpg,Shoes
P00294260.jpg,Shoes
P00365133.jpg,Shoes
P00422130.jpg,Bags
P00441132.jpg,Bags
P00365806.jpg,Shoes
P00430008.jpg,Clothing
P00393696.jpg,Clothing
P00398150.jpg,Shoes
P00446122.jpg,Shoes
P00399832.jpg,Clothing
P00424251.jpg,Clothing
P00446446.jpg,Accessories
P00370012.jpg,Clothing
P00397831.jpg,Shoes
P00467826.jpg,Clothing
P00418750.jpg,Accessories
P00443201.jpg,Clothing
P00364618.jpg,Clothing
P00445637.jpg,Clothing
P00462136.jpg,Clothing
P00452626.jpg,Bags
